course_title,target_skill,difficulty,duration_days
Foundations of Modern Science,Science,Intermediate,14
Critical Thinking and Analytical Problem Solving,Critical Thinking,Intermediate,7
Effective Communication and Active Listening,Active Listening,Beginner,5
Essential Mathematics for Business,Mathematics,Beginner,10
Effective Learning and Study Strategies,Learning Strategies,Beginner,4
Performance Monitoring and Quality Assurance,Monitoring,Intermediate,6
Advanced Microsoft Excel Masterclass,Microsoft Excel,Advanced,12
Public Speaking and Presentation Skills,Speaking,Intermediate,5
Professional Document Creation in Microsoft Word,Microsoft Word,Beginner,3
Business Writing Essentials,Writing,Beginner,4
Speed Reading and Comprehension,Reading Comprehension,Beginner,4
Continuous Learning Strategies,Active Learning,Beginner,3
Designing High-Impact PowerPoint Presentations,Microsoft PowerPoint,Intermediate,5
Microsoft Office Suite Productivity Boost,Microsoft Office software,Beginner,8
Relational Database Foundations,Database software,Beginner,7
IBM Notes Collaboration and Email,IBM Notes,Intermediate,5
FileMaker Pro Database Development,FileMaker Pro,Intermediate,10
Email Management with Microsoft Outlook,Microsoft Outlook,Beginner,3
Data Analysis and Quality Statistics with Minitab,Minitab,Advanced,10
Project Planning and Scheduling with MS Project,Microsoft Project,Advanced,14
Negotiation and Influence Strategies,Negotiation,Intermediate,6
Time Management and Personal Productivity,Time Management,Beginner,2
Customer Service Excellence,Service Orientation,Beginner,4
Troubleshooting and Technical Support,Troubleshooting,Intermediate,8
SQL Querying for Beginners,Database user interface and query software,Beginner,6
JavaScript Web Development Essentials,JavaScript,Intermediate,12
Python Programming for Data Analytics,Python,Intermediate,14
Linux System Administration Basics,Linux,Intermediate,10
C++ Object-Oriented Programming,C++,Advanced,20
HTML5 and CSS3 Responsive Web Design,HTML,Beginner,5
Enterprise Resource Planning with SAP,SAP,Advanced,15
Statistical Quality Control and Analysis,Quality Control Analysis,Advanced,12
Complex Decision Making and Judgment,Judgment and Decision Making,Advanced,8
Operations Analysis and Process Improvement,Operations Analysis,Advanced,10
Systems Analysis and Design Foundations,Systems Analysis,Intermediate,8
